alert_id,ts_utc,raised_utc,ticker,detector,score,threshold,features,seq,prev_sha,row_sha
2b4252e37056ce14b305259b,1787236200,1788525991,AAP,cusum,4.706096525900177,1.0,"{""days_since_last_8k"": 0.16560185185185186, ""days_since_last_earnings"": 0.16560185185185186, ""ret_120h"": -0.26965342944177473, ""ret_1h"": -0.022845472572921466, ""ret_24h"": -0.23641183949857858, ""ret_4h"": -0.23458536828354903, ""ret_rel_120h"": -0.30903256365929743, ""ret_rel_1h"": -0.023537218177501096, ""ret_rel_24h"": -0.22429437721092826, ""ret_rel_4h"": -0.2309080156665393, ""trading_hours_to_close"": 5.5, ""volatility"": 0.02260998610545449, ""volume_z"": 6.206096525900177}",0,,ef005f3650eb737f6e7f97444631c058f3ccdf68453f1a3ffc171f6be4337d0e
6fe4d3616df9bfdb47c15818,1787236200,1788525991,ABM,cusum,1.4051721856605912,1.0,"{""days_since_last_8k"": 76.14122685185185, ""days_since_last_earnings"": 76.14122685185185, ""ret_120h"": -0.04893836089596704, ""ret_1h"": 0.007713748113903129, ""ret_24h"": -0.025486937111796615, ""ret_4h"": -0.01187104584337062, ""ret_rel_120h"": -0.08831749511348974, ""ret_rel_1h"": 0.0070220025093234995, ""ret_rel_24h"": -0.013369474824146299, ""ret_rel_4h"": -0.008193693226360876, ""trading_hours_to_close"": 5.5, ""volatility"": 0.005402984350513208, ""volume_z"": 2.905172185660591}",1,ef005f3650eb737f6e7f97444631c058f3ccdf68453f1a3ffc171f6be4337d0e,eafd3cb85c0352146c3c68c88311f38fc21fbb7ffad32dfc2a377498b262d965
8e7de56f877c1155812d8051,1787239800,1788525991,AAP,cusum,7.3977719989318835,1.0,"{""days_since_last_8k"": 0.20726851851851852, ""days_since_last_earnings"": 0.20726851851851852, ""ret_120h"": -0.29119164167349, ""ret_1h"": -0.028587976586589514, ""ret_24h"": -0.25778211048696287, ""ret_4h"": -0.2597459663225947, ""ret_rel_120h"": -0.3243068366356029, ""ret_rel_1h"": -0.02727724312351487, ""ret_rel_24h"": -0.24418557198154667, ""ret_rel_4h"": -0.2546980735156913, ""trading_hours_to_close"": 4.5, ""volatility"": 0.022734448405177143, ""volume_z"": 8.897771998931884}",2,eafd3cb85c0352146c3c68c88311f38fc21fbb7ffad32dfc2a377498b262d965,365c4f44bfcf42bcca3c9db92cdf01865fef66a24d7eb5ef30bf08c9c2636210
e2e1e45ab623f15e780cc3d9,1787243400,1788525991,AAP,cusum,5.702752541087616,1.0,"{""days_since_last_8k"": 0.24893518518518518, ""days_since_last_earnings"": 0.24893518518518518, ""ret_120h"": -0.3000513896369328, ""ret_1h"": -0.026093201875887484, ""ret_24h"": -0.27804277528286436, ""ret_4h"": -0.2726463795915117, ""ret_rel_120h"": -0.3318507536842368, ""ret_rel_1h"": -0.0248330358591774, ""ret_rel_24h"": -0.264270314584487, ""ret_rel_4h"": -0.26704235742493165, ""trading_hours_to_close"": 3.5, ""volatility"": 0.02281315140739542, ""volume_z"": 7.202752541087616}",3,365c4f44bfcf42bcca3c9db92cdf01865fef66a24d7eb5ef30bf08c9c2636210,07bfec81738b0cf950034ba642f9feea59d6671f457bcdf32a125f28167ad2ac
c1b89536a684ee1848f5dbdd,1787247000,1788525991,AAP,cusum,3.832860682209854,1.0,"{""days_since_last_8k"": 0.29060185185185183, ""days_since_last_earnings"": 0.29060185185185183, ""ret_120h"": -0.281994641702386, ""ret_1h"": 0.01727674289994474, ""ret_24h"": -0.2627043829444674, ""ret_4h"": -0.059577012966864684, ""ret_rel_120h"": -0.31200907570877656, ""ret_rel_1h"": 0.018872014339502252, ""ret_rel_24h"": -0.24703493105032515, ""ret_rel_4h"": -0.056105460088791914, ""trading_hours_to_close"": 2.5, ""volatility"": 0.02287956039130245, ""volume_z"": 5.332860682209854}",4,07bfec81738b0cf950034ba642f9feea59d6671f457bcdf32a125f28167ad2ac,f5eb9791b8ecb5b05c68066c5ec8fe709ab88577a275e04164049173f5830bbf
41615dbf0752d45241381cb9,1787250600,1788525991,AAP,cusum,2.3003867231248676,1.0,"{""days_since_last_8k"": 0.3322685185185185, ""days_since_last_earnings"": 0.3322685185185185, ""ret_120h"": -0.29093746632972706, ""ret_1h"": -0.015780730668391585, ""ret_24h"": -0.26928574698311947, ""ret_4h"": -0.05277783689184834, ""ret_rel_120h"": -0.32185870824293383, ""ret_rel_1h"": -0.015689045241650268, ""ret_rel_24h"": -0.25406565111267787, ""ret_rel_4h"": -0.04852611238500126, ""trading_hours_to_close"": 1.5, ""volatility"": 0.02291171183674499, ""volume_z"": 3.8003867231248676}",5,f5eb9791b8ecb5b05c68066c5ec8fe709ab88577a275e04164049173f5830bbf,16e6083dd4341e07e0e303e635c4d9e3751993406d7c5a2b0a977c7bed2becc5
9c852ad18fec9070811ae36f,1787254200,1788525991,AAP,cusum,5.581070062299105,1.0,"{""days_since_last_8k"": 0.3739351851851852, ""days_since_last_earnings"": 0.3739351851851852, ""ret_120h"": -0.2668383947402948, ""ret_1h"": 0.03665689313589393, ""ret_24h"": -0.24813896586947926, ""ret_4h"": 0.010842321332134253, ""ret_rel_120h"": -0.29507083655878197, ""ret_rel_1h"": 0.03777016979545644, ""ret_rel_24h"": -0.2339969221251723, ""ret_rel_4h"": 0.01489717051632622, ""trading_hours_to_close"": 0.5, ""volatility"": 0.023185603853035364, ""volume_z"": 7.081070062299105}",6,16e6083dd4341e07e0e303e635c4d9e3751993406d7c5a2b0a977c7bed2becc5,c6dbbb177250e307293a1a80c734f885561f5fa69d51d1a1cf53a05048e0f1ad
195c83436dba629c0c93dd68,1787254200,1788525991,AGCO,cusum,1.7225742177563026,1.0,"{""days_since_last_8k"": 17.310902777777777, ""days_since_last_earnings"": 21.281898148148148, ""ret_120h"": -0.16124095392638715, ""ret_1h"": 0.002600622653246454, ""ret_24h"": 0.0391334555316043, ""ret_4h"": 0.001443081517810585, ""ret_rel_120h"": -0.18947339574487432, ""ret_rel_1h"": 0.003713899312808966, ""ret_rel_24h"": 0.05327549927591124, ""ret_rel_4h"": 0.005497930702002551, ""trading_hours_to_close"": 0.5, ""volatility"": 0.011755068284292082, ""volume_z"": 3.2225742177563026}",7,c6dbbb177250e307293a1a80c734f885561f5fa69d51d1a1cf53a05048e0f1ad,add8abe81143b75f733ebaf6d5f50ecbebd43568c99deddeb230d7f42b1258cb
32efaed4d717c22e9090640d,1787254200,1788525991,AGO,cusum,1.6286577873018575,1.0,"{""days_since_last_8k"": 13.260960648148147, ""days_since_last_earnings"": 13.965590277777778, ""ret_120h"": -0.12762704415732762, ""ret_1h"": 0.0017527960903596096, ""ret_24h"": -0.02646746136194489, ""ret_4h"": -0.00807684049660884, ""ret_rel_120h"": -0.15585948597581478, ""ret_rel_1h"": 0.0028660727499221217, ""ret_rel_24h"": -0.012325417617637946, ""ret_rel_4h"": -0.004021991312416873, ""trading_hours_to_close"": 0.5, ""volatility"": 0.008527579960158784, ""volume_z"": 3.1286577873018575}",8,add8abe81143b75f733ebaf6d5f50ecbebd43568c99deddeb230d7f42b1258cb,bc87e47f41c7b42a1d30424a128fdaace2ccdad6078bbdf0ef8af5d7fb3ef7bf
80595defc74b5a74261cf195,1787254200,1788525991,AIZ,cusum,1.0999731036958273,1.0,"{""days_since_last_8k"": 15.957708333333333, ""days_since_last_earnings"": 15.957708333333333, ""ret_120h"": 0.0028981471543820803, ""ret_1h"": 0.0011003746885223098, ""ret_24h"": -0.0030401068422630795, ""ret_4h"": -0.0015930762869200699, ""ret_rel_120h"": -0.025334294664105084, ""ret_rel_1h"": 0.002213651348084822, ""ret_rel_24h"": 0.011101936902043863, ""ret_rel_4h"": 0.0024617728972718966, ""trading_hours_to_close"": 0.5, ""volatility"": 0.007179620709501076, ""volume_z"": 2.5999731036958273}",9,bc87e47f41c7b42a1d30424a128fdaace2ccdad6078bbdf0ef8af5d7fb3ef7bf,0bb488114abde79f1d8eaa2431a1805a41be87a51c63ea45c56bef3d8f0cc825
20b7290e318e8f03566e7b12,1787340600,1788525991,AGO,cusum,1.9779190860965699,1.0,"{""days_since_last_8k"": 14.260960648148147, ""days_since_last_earnings"": 14.965590277777778, ""ret_120h"": -0.11906731936263448, ""ret_1h"": 0.0017496264882710388, ""ret_24h"": -0.021301810408600463, ""ret_4h"": 0.001614893695661923, ""ret_rel_120h"": -0.16055544965863688, ""ret_rel_1h"": 0.0022717378194891946, ""ret_rel_24h"": -0.01785268451896116, ""ret_rel_4h"": 0.0027433650469657067, ""trading_hours_to_close"": 0.5, ""volatility"": 0.008510006633191684, ""volume_z"": 3.47791908609657}",10,0bb488114abde79f1d8eaa2431a1805a41be87a51c63ea45c56bef3d8f0cc825,b440e48d8e75d5e704635b3582da712a7de7db5adcc10f91bb28b7f8356acb95
27b76ce376327628849d10db,1787578200,1788525991,A,cusum,1.6556737298422033,1.0,"{""days_since_last_8k"": 59.713125, ""days_since_last_earnings"": 88.7249537037037, ""ret_120h"": 0.11428268791333362, ""ret_1h"": -0.016264969321124534, ""ret_24h"": 0.04978855106146596, ""ret_4h"": -0.016821802162541366, ""ret_rel_120h"": 0.06852782061590168, ""ret_rel_1h"": -0.012699317369378682, ""ret_rel_24h"": 0.05686856895036885, ""ret_rel_4h"": -0.013061022678706902, ""trading_hours_to_close"": 6.5, ""volatility"": 0.006866806600559399, ""volume_z"": 3.1556737298422033}",11,b440e48d8e75d5e704635b3582da712a7de7db5adcc10f91bb28b7f8356acb95,1da652808eb96099f610b58bef213a29b463594a7b477cf08546ea9c9c3ce5c4
9be24e34bd2e4382ba51611b,1787578200,1788525991,AAOI,cusum,2.3067467173317175,1.0,"{""days_since_last_8k"": 2.719224537037037, ""days_since_last_earnings"": 17.720127314814814, ""ret_120h"": 0.39960730588409055, ""ret_1h"": -0.14298306337962075, ""ret_24h"": -0.19680014734994744, ""ret_4h"": -0.14660815881220624, ""ret_rel_120h"": 0.3538524385866586, ""ret_rel_1h"": -0.1394174114278749, ""ret_rel_24h"": -0.18972012946104455, ""ret_rel_4h"": -0.14284737932837177, ""trading_hours_to_close"": 6.5, ""volatility"": 0.0388694183472436, ""volume_z"": 3.8067467173317175}",12,1da652808eb96099f610b58bef213a29b463594a7b477cf08546ea9c9c3ce5c4,e8f5adfaa7830df8435a546f1a2841d4a1c759e719571ee7ed12340397114dce
b1033a8b6750bbc0e109cd75,1787578200,1788525991,ABNB,cusum,2.2718977868954817,1.0,"{""days_since_last_8k"": 17.72716435185185, ""days_since_last_earnings"": 17.72716435185185, ""ret_120h"": 0.2621537646108345, ""ret_1h"": 0.03112155967580965, ""ret_24h"": 0.048386706728459794, ""ret_4h"": 0.03294119605406087, ""ret_rel_120h"": 0.21639889731340256, ""ret_rel_1h"": 0.0346872116275555, ""ret_rel_24h"": 0.055466724617362684, ""ret_rel_4h"": 0.03670197553789534, ""trading_hours_to_close"": 6.5, ""volatility"": 0.016289453339223003, ""volume_z"": 3.7718977868954817}",13,e8f5adfaa7830df8435a546f1a2841d4a1c759e719571ee7ed12340397114dce,f2540a31757ddb47b8c82f46ea3259addf1b0ce3b0a0480f935b57f1a86f8261
f14f50a86be613c1ad6d698e,1787578200,1788525991,ACN,cusum,1.2778883773491412,1.0,"{""days_since_last_8k"": 44.76164351851852, ""days_since_last_earnings"": 67.11702546296296, ""ret_120h"": 0.07905984148695122, ""ret_1h"": 0.008582595508071389, ""ret_24h"": 0.06297648993682081, ""ret_4h"": 0.009617975408508839, ""ret_rel_120h"": 0.033304974189519276, ""ret_rel_1h"": 0.01214824745981724, ""ret_rel_24h"": 0.0700565078257237, ""ret_rel_4h"": 0.013378754892343303, ""trading_hours_to_close"": 6.5, ""volatility"": 0.012364830737749634, ""volume_z"": 2.777888377349141}",14,f2540a31757ddb47b8c82f46ea3259addf1b0ce3b0a0480f935b57f1a86f8261,4b1b22ddb66ffe7a1e30d7d3acbb0835dfc669541f343419bdabfe255d8fda9e
87b2437ba1bbeb6fd5a1c71a,1787578200,1788525991,AES,cusum,6.278731220348136,1.0,"{""days_since_last_8k"": 18.722361111111113, ""days_since_last_earnings"": 292.67534722222223, ""ret_120h"": -0.005057303415440195, ""ret_1h"": -0.000677292830972287, ""ret_24h"": 0.0006782115265819844, ""ret_4h"": -0.000677292830972287, ""ret_rel_120h"": -0.05081217071287214, ""ret_rel_1h"": 0.002888359120773565, ""ret_rel_24h"": 0.007758229415484874, ""ret_rel_4h"": 0.0030834866528621774, ""trading_hours_to_close"": 6.5, ""volatility"": 0.0013004505463760768, ""volume_z"": 6.916501374234102}",15,4b1b22ddb66ffe7a1e30d7d3acbb0835dfc669541f343419bdabfe255d8fda9e,a5b37749379220a93d8a6042f8f3e5b6d6f398e0e1e3dd07dc1e23b1af204329
2a3d17c75461b460e93d1343,1787581800,1788525991,AGO,cusum,1.5354481766025638,1.0,"{""days_since_last_8k"": 17.052627314814814, ""days_since_last_earnings"": 17.757256944444446, ""ret_120h"": -0.09925634224856927, ""ret_1h"": -0.006482739560821016, ""ret_24h"": -0.012297745279569172, ""ret_4h"": 0.007851282615763067, ""ret_rel_120h"": -0.1333221808715268, ""ret_rel_1h"": -0.007557726994500302, ""ret_rel_24h"": -0.006725094674478571, ""ret_rel_4h"": 0.009869956566064153, ""trading_hours_to_close"": 5.5, ""volatility"": 0.00861160521703479, ""volume_z"": 3.035448176602564}",16,a5b37749379220a93d8a6042f8f3e5b6d6f398e0e1e3dd07dc1e23b1af204329,93165a2c6c12844faae7776a07c60378ebb18520effad9a50a58f9e438f6abe8
f697b9c131bae8a8b2c0eb5d,1787599800,1788525991,A,cusum,1.1998174294511328,1.0,"{""days_since_last_8k"": 59.963125, ""days_since_last_earnings"": 88.9749537037037, ""ret_120h"": 0.10837366955511718, ""ret_1h"": 0.005011624149080962, ""ret_24h"": -0.001886748808657912, ""ret_4h"": -0.003507588806996531, ""ret_rel_120h"": 0.07911977983737417, ""ret_rel_1h"": 0.00563998360520368, ""ret_rel_24h"": 0.006026796154773861, ""ret_rel_4h"": -0.0016641418372572714, ""trading_hours_to_close"": 0.5, ""volatility"": 0.007004714981077977, ""volume_z"": 2.3398717882869136}",17,93165a2c6c12844faae7776a07c60378ebb18520effad9a50a58f9e438f6abe8,c682f18ac54d825b58d37d1f2f7fcdbec45c6be2a787a6548fb972a6a4056f9f
19fd8a0ff9b67f6c4385e9a6,1787599800,1788525991,AAON,cusum,1.5151184549389272,1.0,"{""days_since_last_8k"": 11.20704861111111, ""days_since_last_earnings"": 14.345659722222223, ""ret_120h"": -0.13891401094265743, ""ret_1h"": -0.005097364772700175, ""ret_24h"": -0.07593319882753224, ""ret_4h"": 0.01156149829344888, ""ret_rel_120h"": -0.16816790066040044, ""ret_rel_1h"": -0.004469005316577457, ""ret_rel_24h"": -0.06801965386410047, ""ret_rel_4h"": 0.01340494526318814, ""trading_hours_to_close"": 0.5, ""volatility"": 0.015218566108533848, ""volume_z"": 3.015118454938927}",18,c682f18ac54d825b58d37d1f2f7fcdbec45c6be2a787a6548fb972a6a4056f9f,1316e1879b97ee6259bb4db80c4c6c11b6e1c84b0285a383011d77290fa1dc25
d1cdd41dab9e8a7739702046,1787599800,1788525991,AGCO,cusum,2.200092684415472,1.0,"{""days_since_last_8k"": 21.310902777777777, ""days_since_last_earnings"": 25.281898148148148, ""ret_120h"": 0.02666418565533024, ""ret_1h"": 0.004836266323591021, ""ret_24h"": 0.11649605407208785, ""ret_4h"": 0.01624124523207282, ""ret_rel_120h"": -0.0025897040624127676, ""ret_rel_1h"": 0.005464625779713739, ""ret_rel_24h"": 0.12440959903551962, ""ret_rel_4h"": 0.01808469220181208, ""trading_hours_to_close"": 0.5, ""volatility"": 0.008878617534765655, ""volume_z"": 3.700092684415472}",19,1316e1879b97ee6259bb4db80c4c6c11b6e1c84b0285a383011d77290fa1dc25,0fd377ad1fcebeaa81ee6a24fda09124a1f3a9a6dc212b7c507056e121e3180b
19117d2c9b935b6ea5dfc551,1787599800,1788525991,AGO,cusum,1.1179153737576213,1.0,"{""days_since_last_8k"": 17.26096064814815, ""days_since_last_earnings"": 17.96559027777778, ""ret_120h"": -0.11934444284083101, ""ret_1h"": -0.007627454425523372, ""ret_24h"": -0.014615977184400664, ""ret_4h"": -0.006829978831418226, ""ret_rel_120h"": -0.14859833255857402, ""ret_rel_1h"": -0.006999094969400654, ""ret_rel_24h"": -0.00670243222096889, ""ret_rel_4h"": -0.004986531861678967, ""trading_hours_to_close"": 0.5, ""volatility"": 0.00860132438414813, ""volume_z"": 2.6179153737576213}",20,0fd377ad1fcebeaa81ee6a24fda09124a1f3a9a6dc212b7c507056e121e3180b,d8419b21a36c3f0582587f2978f81a9d46b57d8d806cd36679aab178de4d7c36
690d33e0bc11273c3b133ddd,1787664600,1788525991,ADP,cusum,1.371632922501735,1.0,"{""days_since_last_8k"": 27.10590277777778, ""days_since_last_earnings"": 27.10590277777778, ""ret_120h"": 0.07065674700702318, ""ret_1h"": -0.0023142380034691934, ""ret_24h"": 0.014168758495829659, ""ret_4h"": -0.0035112931302977435, ""ret_rel_120h"": 0.03968856135573673, ""ret_rel_1h"": -0.003912225861031904, ""ret_rel_24h"": 0.02050988583079627, ""ret_rel_4h"": -0.0052141851284562835, ""trading_hours_to_close"": 6.5, ""volatility"": 0.0062000429516735536, ""volume_z"": 2.871632922501735}",21,d8419b21a36c3f0582587f2978f81a9d46b57d8d806cd36679aab178de4d7c36,8773cb05c8ebcd82584b431ef5598684d54b21242e13881370e3f68a565156b4
afe3bfa2bbc7c71e8e176fea,1787664600,1788525991,AGCO,cusum,1.0787502922597079,1.0,"{""days_since_last_8k"": 22.060902777777777, ""days_since_last_earnings"": 26.031898148148148, ""ret_120h"": 0.01996361206904096, ""ret_1h"": -0.007128620073828862, ""ret_24h"": 0.10595790420240259, ""ret_4h"": 0.006860694094360742, ""ret_rel_120h"": -0.011004573582245492, ""ret_rel_1h"": -0.008726607931391572, ""ret_rel_24h"": 0.1122990315373692, ""ret_rel_4h"": 0.005157802096202202, ""trading_hours_to_close"": 6.5, ""volatility"": 0.008903882734814881, ""volume_z"": 2.578750292259708}",22,8773cb05c8ebcd82584b431ef5598684d54b21242e13881370e3f68a565156b4,d17d20947906b1c52c078e9aef9e4e2016e86a1b78a5c3fcede6ec63d151c190
5ee1d151dbacb03d365ee2bb,1787686200,1788525991,AGCO,cusum,2.327746679787516,1.0,"{""days_since_last_8k"": 22.310902777777777, ""days_since_last_earnings"": 26.281898148148148, ""ret_120h"": 0.08457177971368735, ""ret_1h"": -0.0023383589398470184, ""ret_24h"": 0.07075291446925736, ""ret_4h"": 0.008087962397707038, ""ret_rel_120h"": 0.06002960259031309, ""ret_rel_1h"": -0.0032336050180502562, ""ret_rel_24h"": 0.06937344241799148, ""ret_rel_4h"": 0.007990004543974027, ""trading_hours_to_close"": 0.5, ""volatility"": 0.008296084351443276, ""volume_z"": 3.827746679787516}",23,d17d20947906b1c52c078e9aef9e4e2016e86a1b78a5c3fcede6ec63d151c190,e5d998fa39dbdc128a83b1d2e26a12384442ed752ea3eef65f87fa475dd0b525
d02e5b42e4812aa8bcb10255,1787751000,1788525991,AES,cusum,3.244782735050949,1.0,"{""days_since_last_8k"": 20.722361111111113, ""days_since_last_earnings"": 294.67534722222223, ""ret_120h"": 0.003405942508251769, ""ret_1h"": 0.0006792985751444824, ""ret_24h"": -0.0016943796686332835, ""ret_4h"": 0.000339501571279488, ""ret_rel_120h"": -0.02105813750001917, ""ret_rel_1h"": 0.0016651569665089294, ""ret_rel_24h"": -0.0036850805121950714, ""ret_rel_4h"": -4.6046310120395617e-07, ""trading_hours_to_close"": 6.5, ""volatility"": 0.000740721642779052, ""volume_z"": 4.744782735050949}",24,e5d998fa39dbdc128a83b1d2e26a12384442ed752ea3eef65f87fa475dd0b525,8e8f0a1e28a98fe27034cc24140af15c6c06989ce9820e748139046f74c79e61
4921d6c665c6e1cad86c65ff,1787772600,1788525991,A,cusum,2.093980419590854,1.0,"{""days_since_last_8k"": 61.963125, ""days_since_last_earnings"": 90.9749537037037, ""ret_120h"": 0.11049105169223705, ""ret_1h"": 0.010085913102741095, ""ret_24h"": -0.02383353315994241, ""ret_4h"": 0.009429034723320573, ""ret_rel_120h"": 0.10037687778800497, ""ret_rel_1h"": 0.01123341126545474, ""ret_rel_24h"": -0.024107784891470363, ""ret_rel_4h"": 0.00784689299741892, ""trading_hours_to_close"": 0.5, ""volatility"": 0.006877531490846556, ""volume_z"": 3.1470869864286435}",25,8e8f0a1e28a98fe27034cc24140af15c6c06989ce9820e748139046f74c79e61,c8de2737452c132596d8a38389bff3b5d9bf1c017d6a298e6c7f0a9c03793450
5beb49d8ab11906396b37696,1787772600,1788525991,ACM,cusum,1.0259413029879432,1.0,"{""days_since_last_8k"": 15.954201388888889, ""days_since_last_earnings"": 15.954201388888889, ""ret_120h"": -0.12839742473978955, ""ret_1h"": 0.00015366625892165864, ""ret_24h"": 0.005871403681253495, ""ret_4h"": 0.006260124912393694, ""ret_rel_120h"": -0.13851159864402163, ""ret_rel_1h"": 0.0013011644216353035, ""ret_rel_24h"": 0.005597151949725543, ""ret_rel_4h"": 0.004677983186492041, ""trading_hours_to_close"": 0.5, ""volatility"": 0.011620189961840912, ""volume_z"": 2.525941302987943}",26,c8de2737452c132596d8a38389bff3b5d9bf1c017d6a298e6c7f0a9c03793450,9a1607d847f20169b95e4869ff7e58536c83bb886228cba54ed487abd873cf34
4e66c37346dc26243d2cccbb,1787772600,1788525991,ADNT,cusum,1.4725757751515043,1.0,"{""days_since_last_8k"": 4.968622685185185, ""days_since_last_earnings"": 21.35832175925926, ""ret_120h"": -0.09291181535841397, ""ret_1h"": 0.004241777365698862, ""ret_24h"": -0.06376663555950368, ""ret_4h"": 0.019375705695899414, ""ret_rel_120h"": -0.10302598926264606, ""ret_rel_1h"": 0.005389275528412507, ""ret_rel_24h"": -0.06404088729103163, ""ret_rel_4h"": 0.01779356396999776, ""trading_hours_to_close"": 0.5, ""volatility"": 0.01260079294711741, ""volume_z"": 2.9725757751515043}",27,9a1607d847f20169b95e4869ff7e58536c83bb886228cba54ed487abd873cf34,3074bd380850336ae8237726e92ba45913958e54a5e4c58b6a35aabe110c9713
64dada8806e267c2427829b8,1787772600,1788525991,AGO,cusum,1.243902062815733,1.0,"{""days_since_last_8k"": 19.26096064814815, ""days_since_last_earnings"": 19.96559027777778, ""ret_120h"": -0.09609430069352265, ""ret_1h"": -0.006543645805999865, ""ret_24h"": 0.021050540261077222, ""ret_4h"": -0.002496646725641205, ""ret_rel_120h"": -0.10620847459775473, ""ret_rel_1h"": -0.00539614764328622, ""ret_rel_24h"": 0.02077628852954927, ""ret_rel_4h"": -0.0040787884515428585, ""trading_hours_to_close"": 0.5, ""volatility"": 0.008534114875874287, ""volume_z"": 2.743902062815733}",28,3074bd380850336ae8237726e92ba45913958e54a5e4c58b6a35aabe110c9713,82e62601bccdde413d05d1196033a32d65cd7db71f72a1224775b69b6f0ab447
9bbe63618df8b25278fa4d3f,1787837400,1788525991,A,cusum,1.2374026303831704,1.0,"{""days_since_last_8k"": 0.7247106481481481, ""days_since_last_earnings"": 0.7247106481481481, ""ret_120h"": 0.13098974555299403, ""ret_1h"": 0.018714158727387575, ""ret_24h"": -0.009334411860072445, ""ret_4h"": 0.034711722909259946, ""ret_rel_120h"": 0.11514510982293369, ""ret_rel_1h"": 0.013929654633942246, ""ret_rel_24h"": -0.015070856194526083, ""ret_rel_4h"": 0.029454799706016388, ""trading_hours_to_close"": 6.5, ""volatility"": 0.00706687538068238, ""volume_z"": 2.7374026303831704}",29,82e62601bccdde413d05d1196033a32d65cd7db71f72a1224775b69b6f0ab447,89477e77898e3efdfb1bf46f42445e6525ede167d7efa610a7ced2e5c797d0dd
5c71b1af1a130568063c719b,1787837400,1788525991,ADT,cusum,1.7839465089259234,1.0,"{""days_since_last_8k"": 28.1059375, ""days_since_last_earnings"": 28.1059375, ""ret_120h"": -0.04248573600795935, ""ret_1h"": 0.013422870339588666, ""ret_24h"": 0.020960136606914537, ""ret_4h"": 0.018893434035851975, ""ret_rel_120h"": -0.05833037173801969, ""ret_rel_1h"": 0.008638366246143336, ""ret_rel_24h"": 0.015223692272460898, ""ret_rel_4h"": 0.013636510832608417, ""trading_hours_to_close"": 6.5, ""volatility"": 0.005789036449450826, ""volume_z"": 3.2839465089259234}",30,89477e77898e3efdfb1bf46f42445e6525ede167d7efa610a7ced2e5c797d0dd,8984de7c707675b1ea6319682c3b24f18707321854399a611025d50e1b0077e8
d92c750c75f2c7bf41c2dc83,1787859000,1788525991,ACGL,cusum,3.1467111481970678,1.0,"{""days_since_last_8k"": 29.97599537037037, ""days_since_last_earnings"": 29.97599537037037, ""ret_120h"": -0.0135323655718248, ""ret_1h"": -0.001364898708240414, ""ret_24h"": -0.021545274770819578, ""ret_4h"": 0.0005064882505003698, ""ret_rel_120h"": -0.011874983547876194, ""ret_rel_1h"": -0.002793549749165125, ""ret_rel_24h"": -0.03155307326302581, ""ret_rel_4h"": 0.00033785003418285164, ""trading_hours_to_close"": 0.5, ""volatility"": 0.004745995562935287, ""volume_z"": 4.646711148197068}",31,8984de7c707675b1ea6319682c3b24f18707321854399a611025d50e1b0077e8,b8991f675d53bd1f5924d60f5c9221cacaf0f6ae2257bd720294b249044b37af
bf3361f4837b9bac0a79ec89,1787859000,1788525991,ACM,cusum,1.0487851568508293,1.0,"{""days_since_last_8k"": 16.95420138888889, ""days_since_last_earnings"": 16.95420138888889, ""ret_120h"": -0.12700184245885637, ""ret_1h"": 0.008373980651678936, ""ret_24h"": 0.029695330708514822, ""ret_4h"": 0.01006563466800614, ""ret_rel_120h"": -0.12534446043490777, ""ret_rel_1h"": 0.006945329610754225, ""ret_rel_24h"": 0.01968753221630859, ""ret_rel_4h"": 0.009896996451688622, ""trading_hours_to_close"": 0.5, ""volatility"": 0.01164266567578985, ""volume_z"": 2.5487851568508293}",32,b8991f675d53bd1f5924d60f5c9221cacaf0f6ae2257bd720294b249044b37af,a6841f2fa7bd61c769badde5e944db12d1a40d01b7dce9819dd141af4aa31436
fb7695c1620f0759f4284c87,1787859000,1788525991,ADSK,cusum,1.360064750941412,1.0,"{""days_since_last_8k"": 24.285891203703702, ""days_since_last_earnings"": 90.96887731481482, ""ret_120h"": 0.1413421544400768, ""ret_1h"": 0.002983719623108838, ""ret_24h"": 0.06791904477414934, ""ret_4h"": 0.0014062796280653878, ""ret_rel_120h"": 0.1429995364640254, ""ret_rel_1h"": 0.001555068582184127, ""ret_rel_24h"": 0.05791124628194311, ""ret_rel_4h"": 0.0012376414117478696, ""trading_hours_to_close"": 0.5, ""volatility"": 0.010450277242416053, ""volume_z"": 2.860064750941412}",33,a6841f2fa7bd61c769badde5e944db12d1a40d01b7dce9819dd141af4aa31436,5ad7eeaa20b97665521a4f550c25b41b61a4cfc4e772809633b44df5b75beea2
6d743f3b9c5f8049604ef641,1787859000,1788525991,AFRM,cusum,5.165382475534466,1.0,"{""days_since_last_8k"": 62.97549768518518, ""days_since_last_earnings"": 111.97143518518519, ""ret_120h"": -0.014614328252629205, ""ret_1h"": 0.01771884014781744, ""ret_24h"": 0.006033136369728576, ""ret_4h"": 0.0072745847515387485, ""ret_rel_120h"": -0.0129569462286806, ""ret_rel_1h"": 0.016290189106892727, ""ret_rel_24h"": -0.003974662122477657, ""ret_rel_4h"": 0.00710594653522123, ""trading_hours_to_close"": 0.5, ""volatility"": 0.010248343114128419, ""volume_z"": 5.742203286489799}",34,5ad7eeaa20b97665521a4f550c25b41b61a4cfc4e772809633b44df5b75beea2,583a4c1d1aee64aa2d1930305d9765b0eb06eadb85d12270acdac97e27dedaea
5eabff8c896b3bab206631da,1787859000,1788525991,AGO,cusum,1.036557297743161,1.0,"{""days_since_last_8k"": 20.26096064814815, ""days_since_last_earnings"": 20.96559027777778, ""ret_120h"": -0.09320113304117561, ""ret_1h"": -0.0012502628142400107, ""ret_24h"": 0.014572142960160184, ""ret_4h"": 0.001980479668730828, ""ret_rel_120h"": -0.091543751017227, ""ret_rel_1h"": -0.002678913855164722, ""ret_rel_24h"": 0.004564344467953951, ""ret_rel_4h"": 0.0018118414524133097, ""trading_hours_to_close"": 0.5, ""volatility"": 0.008600066249650097, ""volume_z"": 2.536557297743161}",35,583a4c1d1aee64aa2d1930305d9765b0eb06eadb85d12270acdac97e27dedaea,19f2a80febf7b2051e4041fd2faed0e2f8ed6c08797a6c136a2d7905b0d3f28e
b90deb2691a81cc4218ff259,1787923800,1788525991,ACGL,cusum,7.034765081005668,1.0,"{""days_since_last_8k"": 30.72599537037037, ""days_since_last_earnings"": 30.72599537037037, ""ret_120h"": -0.005275866893864278, ""ret_1h"": 0.002126034737824245, ""ret_24h"": -0.020822987474479415, ""ret_4h"": 0.002176814565076235, ""ret_rel_120h"": -0.00530174400118677, ""ret_rel_1h"": 0.0017888151732949886, ""ret_rel_24h"": -0.02932194158502721, ""ret_rel_4h"": 0.0027599207614238397, ""trading_hours_to_close"": 6.5, ""volatility"": 0.004716963477422845, ""volume_z"": 8.534765081005668}",36,19f2a80febf7b2051e4041fd2faed0e2f8ed6c08797a6c136a2d7905b0d3f28e,9d1b7dab18ba0e9cd79d3d89ebfed052d486907dec7c712db18a4d76ad9358a8
5b2ecdb8a7f092e1bf550a75,1787923800,1788525991,ADSK,cusum,1.6896658143867627,1.0,"{""days_since_last_8k"": 0.725625, ""days_since_last_earnings"": 0.725625, ""ret_120h"": 0.09328358497018874, ""ret_1h"": -0.04174062517727206, ""ret_24h"": 0.018760043685949856, ""ret_4h"": -0.03925528514375087, ""ret_rel_120h"": 0.09325770786286625, ""ret_rel_1h"": -0.04207784474180132, ""ret_rel_24h"": 0.01026108957540206, ""ret_rel_4h"": -0.03867217894740327, ""trading_hours_to_close"": 6.5, ""volatility"": 0.011159837294702872, ""volume_z"": 3.1896658143867627}",37,9d1b7dab18ba0e9cd79d3d89ebfed052d486907dec7c712db18a4d76ad9358a8,854ffe66c92b11bb791ac34e20ed6e9cef6b2b689808b72251f5add411a0ddf6
0a255c73572a3048b0f6c40c,1787923800,1788525991,AFRM,cusum,28.68047709484695,1.0,"{""days_since_last_8k"": 0.7075, ""days_since_last_earnings"": 0.7075, ""ret_120h"": 0.07991800355321854, ""ret_1h"": 0.08743872451952961, ""ret_24h"": 0.09534797842127052, ""ret_4h"": 0.09920480642910023, ""ret_rel_120h"": 0.07989212644589605, ""ret_rel_1h"": 0.08710150495500035, ""ret_rel_24h"": 0.08684902431072272, ""ret_rel_4h"": 0.09978791262544784, ""trading_hours_to_close"": 6.5, ""volatility"": 0.01297112495514007, ""volume_z"": 30.18047709484695}",38,854ffe66c92b11bb791ac34e20ed6e9cef6b2b689808b72251f5add411a0ddf6,796ddb58eeda4a190364836062772b98226cc423db2061ae3d9799edc46a44f0
6f7714128c5261760c7bdc82,1787923800,1788525991,AGQ,cusum,4.851686622410846,1.0,"{""days_since_last_8k"": 107.75203703703704, ""days_since_last_earnings"": null, ""ret_120h"": 0.31355387007373237, ""ret_1h"": -0.020309503907400717, ""ret_24h"": 0.003952935960486625, ""ret_4h"": -0.020093153598116698, ""ret_rel_120h"": 0.3135279929664099, ""ret_rel_1h"": -0.020646723471929973, ""ret_rel_24h"": -0.004546018150061171, ""ret_rel_4h"": -0.019510047401769093, ""trading_hours_to_close"": 6.5, ""volatility"": 0.017774931275066325, ""volume_z"": 6.351686622410846}",39,796ddb58eeda4a190364836062772b98226cc423db2061ae3d9799edc46a44f0,373ce48c8e6104b56b95da3bca4b741bb890cb89aa0c780df5090b1513dc34fd
528e22f1cb676ca0bf87cda7,1787927400,1788525991,ACGL,cusum,1.8525081170335107,1.0,"{""days_since_last_8k"": 30.767662037037038, ""days_since_last_earnings"": 30.767662037037038, ""ret_120h"": -0.004729809879363112, ""ret_1h"": -0.0008587067126185621, ""ret_24h"": -0.021857373861457585, ""ret_4h"": 0.0003540551546625803, ""ret_rel_120h"": -0.004948101813905481, ""ret_rel_1h"": -0.00559100863382922, ""ret_rel_24h"": -0.036242930589933, ""ret_rel_4h"": -0.006780805757669706, ""trading_hours_to_close"": 5.5, ""volatility"": 0.004715887142373093, ""volume_z"": 3.3525081170335107}",40,373ce48c8e6104b56b95da3bca4b741bb890cb89aa0c780df5090b1513dc34fd,1f509dbd695b67813655e1d67eed6e1e0850b02091a048a6cce57248a95a51a4
c1e041b319aa083ddca3e7fd,1787927400,1788525991,ACM,cusum,3.1270904849597505,1.0,"{""days_since_last_8k"": 17.745868055555555, ""days_since_last_earnings"": 17.745868055555555, ""ret_120h"": -0.09947815324202658, ""ret_1h"": 0.026117726966446764, ""ret_24h"": 0.04998464014335546, ""ret_4h"": 0.034368691142899976, ""ret_rel_120h"": -0.09969644517656895, ""ret_rel_1h"": 0.021385425045236106, ""ret_rel_24h"": 0.03559908341488005, ""ret_rel_4h"": 0.02723383023056769, ""trading_hours_to_close"": 5.5, ""volatility"": 0.011909274908018692, ""volume_z"": 4.6270904849597505}",41,1f509dbd695b67813655e1d67eed6e1e0850b02091a048a6cce57248a95a51a4,15d7625f90761d72bcf29128e2aec170b0a30e69d78521b28d2af7a1c7b9e899
4ebd957d0eeebf092af5b3b3,1787927400,1788525991,AFRM,cusum,4.796367887396265,1.0,"{""days_since_last_8k"": 0.7491666666666666, ""days_since_last_earnings"": 0.7491666666666666, ""ret_120h"": 0.0512451471057207, ""ret_1h"": -0.006166943132689839, ""ret_24h"": 0.09306726734526638, ""ret_4h"": 0.08916038981901253, ""ret_rel_120h"": 0.05102685517117833, ""ret_rel_1h"": -0.010899245053900497, ""ret_rel_24h"": 0.07868171061679097, ""ret_rel_4h"": 0.08202552890668025, ""trading_hours_to_close"": 5.5, ""volatility"": 0.012851564915799642, ""volume_z"": 6.296367887396265}",42,15d7625f90761d72bcf29128e2aec170b0a30e69d78521b28d2af7a1c7b9e899,4d08c6de1c57633bc2ad3c3780348953c4b93f400a0b600a194f06d6c8674ec0
10271809ac37a5c4fcd94ee2,1787931000,1788525991,ACM,cusum,4.11659392756611,1.0,"{""days_since_last_8k"": 17.787534722222222, ""days_since_last_earnings"": 17.787534722222222, ""ret_120h"": -0.0731333414713542, ""ret_1h"": 0.019804862553938207, ""ret_24h"": 0.06970837480572833, ""ret_4h"": 0.05838914535100037, ""ret_rel_120h"": -0.07039909372720154, ""ret_rel_1h"": 0.026708580905857482, ""ret_rel_24h"": 0.06169245392535361, ""ret_rel_4h"": 0.05883077308094109, ""trading_hours_to_close"": 4.5, ""volatility"": 0.012031205211824315, ""volume_z"": 5.61659392756611}",43,4d08c6de1c57633bc2ad3c3780348953c4b93f400a0b600a194f06d6c8674ec0,c7ad061c803d8a3cc0d0c9441e6c55217a70422245386d80592e8bf12d4dbf73
bdb33b40c80cff532b24b4c2,1787931000,1788525991,AGQ,cusum,2.1105690163130095,1.0,"{""days_since_last_8k"": 107.83537037037037, ""days_since_last_earnings"": null, ""ret_120h"": 0.12989204046153202, ""ret_1h"": -0.06904986104465916, ""ret_24h"": -0.0588466801284544, ""ret_4h"": -0.06941205581694476, ""ret_rel_120h"": 0.13262628820568467, ""ret_rel_1h"": -0.06214614269273988, ""ret_rel_24h"": -0.06686260100882913, ""ret_rel_4h"": -0.06897042808700404, ""trading_hours_to_close"": 4.5, ""volatility"": 0.016798113297091733, ""volume_z"": 3.1477936029874676}",44,c7ad061c803d8a3cc0d0c9441e6c55217a70422245386d80592e8bf12d4dbf73,aa46f1cb20be4509ca98e1bc5c000bf713f178ea4897fdfc62a44e558304f926
bb7b1dc1e371c56458636444,1787934600,1788525991,ACM,cusum,1.069682848775145,1.0,"{""days_since_last_8k"": 17.82920138888889, ""days_since_last_earnings"": 17.82920138888889, ""ret_120h"": -0.065926723531061, ""ret_1h"": 0.004819090662648184, ""ret_24h"": 0.08227451941848751, ""ret_4h"": 0.05465793346979386, ""ret_rel_120h"": -0.061678610119025645, ""ret_rel_1h"": 0.00583256296834167, ""ret_rel_24h"": 0.07688679213796012, ""ret_rel_4h"": 0.05753712361088703, ""trading_hours_to_close"": 3.5, ""volatility"": 0.012039162758030502, ""volume_z"": 2.569682848775145}",45,aa46f1cb20be4509ca98e1bc5c000bf713f178ea4897fdfc62a44e558304f926,55eb6d1266f098157f16b08c0ba4cf5b024805402a458e773a4bd699952fa940
aa8956f585cf08fd07e0b346,1787938200,1788525991,ACM,cusum,2.637659040352437,1.0,"{""days_since_last_8k"": 17.870868055555555, ""days_since_last_earnings"": 17.870868055555555, ""ret_120h"": -0.06695232966748488, ""ret_1h"": -0.0024337605248236915, ""ret_24h"": 0.09199183208828088, ""ret_4h"": 0.04892367883591264, ""ret_rel_120h"": -0.0639963968525239, ""ret_rel_1h"": -0.0027459145167707533, ""ret_rel_24h"": 0.0870918568991903, ""ret_rel_4h"": 0.051827853955614955, ""trading_hours_to_close"": 2.5, ""volatility"": 0.012040223541372085, ""volume_z"": 4.137659040352437}",46,55eb6d1266f098157f16b08c0ba4cf5b024805402a458e773a4bd699952fa940,0b4a0230230340f1ac2e1f7a62fac1f86e2e96d7b1f4bc94ad1883ee5469920b
e63ff3e09e07e99f610304a1,1787938200,1788525991,AFRM,cusum,1.0096705011062106,1.0,"{""days_since_last_8k"": 0.8741666666666666, ""days_since_last_earnings"": 0.8741666666666666, ""ret_120h"": 0.01325919169077161, ""ret_1h"": -0.014250658972538077, ""ret_24h"": 0.027861338043200456, ""ret_4h"": -0.04838711866486323, ""ret_rel_120h"": 0.016215124505732592, ""ret_rel_1h"": -0.014562812964485139, ""ret_rel_24h"": 0.02296136285410988, ""ret_rel_4h"": -0.045482943545160914, ""trading_hours_to_close"": 2.5, ""volatility"": 0.013266609574136435, ""volume_z"": 1.6573908567999884}",47,0b4a0230230340f1ac2e1f7a62fac1f86e2e96d7b1f4bc94ad1883ee5469920b,3e71b5de383474934420530f17424179008f4d427208474fadf68c71ee2b5d07
477033df0cdda003feae3c2d,1787941800,1788525991,ACM,cusum,1.8904873029754405,1.0,"{""days_since_last_8k"": 17.912534722222222, ""days_since_last_earnings"": 17.912534722222222, ""ret_120h"": -0.07299534215011105, ""ret_1h"": -0.0028846731836965622, ""ret_24h"": 0.09338261513728585, ""ret_4h"": 0.01927668662333737, ""ret_rel_120h"": -0.06985392211060115, ""ret_rel_1h"": -0.0034763267494627437, ""ret_rel_24h"": 0.0884789836666875, ""ret_rel_4h"": 0.026290039062825787, ""trading_hours_to_close"": 1.5, ""volatility"": 0.012036155832338339, ""volume_z"": 3.3904873029754405}",48,3e71b5de383474934420530f17424179008f4d427208474fadf68c71ee2b5d07,bc89f4ef5facd1a33aad743b5691bba613ef8650c3b702d2936af559771ff69e
4b84bca7f2693821211ddf8b,1787941800,1788525991,AFRM,cusum,1.7785681737740031,1.0,"{""days_since_last_8k"": 0.9158333333333334, ""days_since_last_earnings"": 0.9158333333333334, ""ret_120h"": 0.0011384261328677425, ""ret_1h"": -0.013584201980428867, ""ret_24h"": 0.01748297460271786, ""ret_4h"": -0.05548927633101519, ""ret_rel_120h"": 0.004279846172377644, ""ret_rel_1h"": -0.014175855546195049, ""ret_rel_24h"": 0.012579343132119503, ""ret_rel_4h"": -0.04847592389152677, ""trading_hours_to_close"": 1.5, ""volatility"": 0.013325171891749638, ""volume_z"": 3.278568173774003}",49,bc89f4ef5facd1a33aad743b5691bba613ef8650c3b702d2936af559771ff69e,3259b8e2556f26a1975814a69671dd4b79352af0cb8cc34da865f7bee9d78433
0a71744d4860cb857e28c1f0,1787945400,1788525991,ACM,cusum,3.0698964823502095,1.0,"{""days_since_last_8k"": 17.95420138888889, ""days_since_last_earnings"": 17.95420138888889, ""ret_120h"": -0.07607025789524902, ""ret_1h"": -0.004447359986014754, ""ret_24h"": 0.1061890215780219, ""ret_4h"": -0.004962975238902212, ""ret_rel_120h"": -0.07293483148342539, ""ret_rel_1h"": -0.004271912122029042, ""ret_rel_24h"": 0.1002268376459523, ""ret_rel_4h"": -0.004677150511637196, ""trading_hours_to_close"": 0.5, ""volatility"": 0.01204128716611298, ""volume_z"": 4.5698964823502095}",50,3259b8e2556f26a1975814a69671dd4b79352af0cb8cc34da865f7bee9d78433,b308c942b2c76c144c98a786a2fc28c5da6e9dc14476afe88c6b9a1ee5711bf8
3bb3343805079bffed0f0997,1787945400,1788525991,AFL,cusum,3.1122069092282576,1.0,"{""days_since_last_8k"": 21.96909722222222, ""days_since_last_earnings"": 21.96909722222222, ""ret_120h"": -0.068167232231795, ""ret_1h"": -0.0012426863445934577, ""ret_24h"": 0.0001287935073406299, ""ret_4h"": 0.0021068255624143717, ""ret_rel_120h"": -0.06503180581997137, ""ret_rel_1h"": -0.0010672384806077462, ""ret_rel_24h"": -0.005833390424728968, ""ret_rel_4h"": 0.0023926502896793878, ""trading_hours_to_close"": 0.5, ""volatility"": 0.004714914911233803, ""volume_z"": 4.026107505708802}",51,b308c942b2c76c144c98a786a2fc28c5da6e9dc14476afe88c6b9a1ee5711bf8,46a3ecf04c87c22689e43eed48237f847ae62426ea64c25ddf0b549dd39e051f
5ad5eb9920e9911e7f481131,1787945400,1788525991,AFRM,cusum,3.185308382507423,1.0,"{""days_since_last_8k"": 0.9575, ""days_since_last_earnings"": 0.9575, ""ret_120h"": -0.012322169787365556, ""ret_1h"": -0.01768795323928274, ""ret_24h"": 0.0049114287182154825, ""ret_4h"": -0.04000491356005986, ""ret_rel_120h"": -0.009186743375541928, ""ret_rel_1h"": -0.017512505375297027, ""ret_rel_24h"": -0.0010507552138541154, ""ret_rel_4h"": -0.03971908883279485, ""trading_hours_to_close"": 0.5, ""volatility"": 0.013418008008065214, ""volume_z"": 4.685308382507423}",52,46a3ecf04c87c22689e43eed48237f847ae62426ea64c25ddf0b549dd39e051f,2f12baac7478de2e01587faeeeffeb53e126706ae136a522a1b4455b2230f660
2a9d5b4b7ae793b11ca4f9ba,1787945400,1788525991,AGCO,cusum,1.1281178544899637,1.0,"{""days_since_last_8k"": 25.310902777777777, ""days_since_last_earnings"": 29.281898148148148, ""ret_120h"": 0.09079544417208774, ""ret_1h"": 0.001765791202098077, ""ret_24h"": 0.028242491000295633, ""ret_4h"": 0.026334874770220562, ""ret_rel_120h"": 0.09393087058391136, ""ret_rel_1h"": 0.0019412390660837886, ""ret_rel_24h"": 0.022280307068226035, ""ret_rel_4h"": 0.026620699497485578, ""trading_hours_to_close"": 0.5, ""volatility"": 0.00752576948317939, ""volume_z"": 2.6281178544899637}",53,2f12baac7478de2e01587faeeeffeb53e126706ae136a522a1b4455b2230f660,5a42820dc1f52c008ea9ce5ce7a5a2345864d9321e61a136a34357a77c729cc2
a750f2b8fc00a64e5753ec49,1787945400,1788525991,AGO,cusum,1.2918966510175771,1.0,"{""days_since_last_8k"": 21.26096064814815, ""days_since_last_earnings"": 21.96559027777778, ""ret_120h"": -0.08421176603707448, ""ret_1h"": 0.003585238098711363, ""ret_24h"": 0.015178038000432492, ""ret_4h"": 0.010900855320799874, ""ret_rel_120h"": -0.08107633962525085, ""ret_rel_1h"": 0.0037606859626970746, ""ret_rel_24h"": 0.009215854068362894, ""ret_rel_4h"": 0.01118668004806489, ""trading_hours_to_close"": 0.5, ""volatility"": 0.008618685364484452, ""volume_z"": 2.542581353111811}",54,5a42820dc1f52c008ea9ce5ce7a5a2345864d9321e61a136a34357a77c729cc2,3eb4752279a38d16ec2dbbee1f0f04e1179c11100aad0601a4e67ff4e96b3b20
6fb1a1ec73eff0a2129db7af,1787945400,1788525991,AIT,cusum,2.5946136019433865,1.0,"{""days_since_last_8k"": 13.964756944444444, ""days_since_last_earnings"": 15.23875, ""ret_120h"": -0.09691700604073583, ""ret_1h"": 0.008497508008947774, ""ret_24h"": -0.0425790732195207, ""ret_4h"": 0.007142087235051164, ""ret_rel_120h"": -0.0937815796289122, ""ret_rel_1h"": 0.008672955872933485, ""ret_rel_24h"": -0.0485412571515903, ""ret_rel_4h"": 0.0074279119623161804, ""trading_hours_to_close"": 0.5, ""volatility"": 0.006026065011815241, ""volume_z"": 4.0946136019433865}",55,3eb4752279a38d16ec2dbbee1f0f04e1179c11100aad0601a4e67ff4e96b3b20,07cf31d4a5719b470a37c3395b441de301e1ce3dd928bedca98cdde12c0c4ef2
c37845b56d4f4571a89b236a,1787236200,1788525991,AAP,volume_zscore,6.206096525900177,2.648,"{""days_since_last_8k"": 0.16560185185185186, ""days_since_last_earnings"": 0.16560185185185186, ""ret_120h"": -0.26965342944177473, ""ret_1h"": -0.022845472572921466, ""ret_24h"": -0.23641183949857858, ""ret_4h"": -0.23458536828354903, ""ret_rel_120h"": -0.30903256365929743, ""ret_rel_1h"": -0.023537218177501096, ""ret_rel_24h"": -0.22429437721092826, ""ret_rel_4h"": -0.2309080156665393, ""trading_hours_to_close"": 5.5, ""volatility"": 0.02260998610545449, ""volume_z"": 6.206096525900177}",0,,5465b0aa9da3d54323c49ad2f1c06113342bee1a82a4063b0259f5902d3d696a
0553cec86a5cf559b1aa3ba9,1787236200,1788525991,ABM,volume_zscore,2.905172185660591,2.648,"{""days_since_last_8k"": 76.14122685185185, ""days_since_last_earnings"": 76.14122685185185, ""ret_120h"": -0.04893836089596704, ""ret_1h"": 0.007713748113903129, ""ret_24h"": -0.025486937111796615, ""ret_4h"": -0.01187104584337062, ""ret_rel_120h"": -0.08831749511348974, ""ret_rel_1h"": 0.0070220025093234995, ""ret_rel_24h"": -0.013369474824146299, ""ret_rel_4h"": -0.008193693226360876, ""trading_hours_to_close"": 5.5, ""volatility"": 0.005402984350513208, ""volume_z"": 2.905172185660591}",1,5465b0aa9da3d54323c49ad2f1c06113342bee1a82a4063b0259f5902d3d696a,c0afa8fd166b22ab699f81afededa4b213faad57e112a6595a0cdc4be2198698
6aa060d48b42ba438109e3e5,1787239800,1788525991,AAP,volume_zscore,8.897771998931884,2.648,"{""days_since_last_8k"": 0.20726851851851852, ""days_since_last_earnings"": 0.20726851851851852, ""ret_120h"": -0.29119164167349, ""ret_1h"": -0.028587976586589514, ""ret_24h"": -0.25778211048696287, ""ret_4h"": -0.2597459663225947, ""ret_rel_120h"": -0.3243068366356029, ""ret_rel_1h"": -0.02727724312351487, ""ret_rel_24h"": -0.24418557198154667, ""ret_rel_4h"": -0.2546980735156913, ""trading_hours_to_close"": 4.5, ""volatility"": 0.022734448405177143, ""volume_z"": 8.897771998931884}",2,c0afa8fd166b22ab699f81afededa4b213faad57e112a6595a0cdc4be2198698,7c6750131b4d668567552233774cb7d01f0b3e51dd17486c3d91d4ad33422623
75dc002f7ef03d7c850426d4,1787243400,1788525991,AAP,volume_zscore,7.202752541087616,2.648,"{""days_since_last_8k"": 0.24893518518518518, ""days_since_last_earnings"": 0.24893518518518518, ""ret_120h"": -0.3000513896369328, ""ret_1h"": -0.026093201875887484, ""ret_24h"": -0.27804277528286436, ""ret_4h"": -0.2726463795915117, ""ret_rel_120h"": -0.3318507536842368, ""ret_rel_1h"": -0.0248330358591774, ""ret_rel_24h"": -0.264270314584487, ""ret_rel_4h"": -0.26704235742493165, ""trading_hours_to_close"": 3.5, ""volatility"": 0.02281315140739542, ""volume_z"": 7.202752541087616}",3,7c6750131b4d668567552233774cb7d01f0b3e51dd17486c3d91d4ad33422623,83dfe1bcfd1bdeee856702a8f4589732baad0392c228b0851265e13804dbef41
7b372e24434ae1fe6b330be4,1787247000,1788525991,AAP,volume_zscore,5.332860682209854,2.648,"{""days_since_last_8k"": 0.29060185185185183, ""days_since_last_earnings"": 0.29060185185185183, ""ret_120h"": -0.281994641702386, ""ret_1h"": 0.01727674289994474, ""ret_24h"": -0.2627043829444674, ""ret_4h"": -0.059577012966864684, ""ret_rel_120h"": -0.31200907570877656, ""ret_rel_1h"": 0.018872014339502252, ""ret_rel_24h"": -0.24703493105032515, ""ret_rel_4h"": -0.056105460088791914, ""trading_hours_to_close"": 2.5, ""volatility"": 0.02287956039130245, ""volume_z"": 5.332860682209854}",4,83dfe1bcfd1bdeee856702a8f4589732baad0392c228b0851265e13804dbef41,2f9b5664c5513d245cf2d4733e6eab2d3bd58c57ddf23b56edb944801fad2bd1
1afbf1d4fd9c2fa267d9b2b6,1787250600,1788525991,AAP,volume_zscore,3.8003867231248676,2.648,"{""days_since_last_8k"": 0.3322685185185185, ""days_since_last_earnings"": 0.3322685185185185, ""ret_120h"": -0.29093746632972706, ""ret_1h"": -0.015780730668391585, ""ret_24h"": -0.26928574698311947, ""ret_4h"": -0.05277783689184834, ""ret_rel_120h"": -0.32185870824293383, ""ret_rel_1h"": -0.015689045241650268, ""ret_rel_24h"": -0.25406565111267787, ""ret_rel_4h"": -0.04852611238500126, ""trading_hours_to_close"": 1.5, ""volatility"": 0.02291171183674499, ""volume_z"": 3.8003867231248676}",5,2f9b5664c5513d245cf2d4733e6eab2d3bd58c57ddf23b56edb944801fad2bd1,7702cc25572ed21231c1930e82b28dc4864d290da623eb6e94a5fd63441d8c65
8daa5d75ed98282b675feef7,1787254200,1788525991,AAP,volume_zscore,7.081070062299105,2.648,"{""days_since_last_8k"": 0.3739351851851852, ""days_since_last_earnings"": 0.3739351851851852, ""ret_120h"": -0.2668383947402948, ""ret_1h"": 0.03665689313589393, ""ret_24h"": -0.24813896586947926, ""ret_4h"": 0.010842321332134253, ""ret_rel_120h"": -0.29507083655878197, ""ret_rel_1h"": 0.03777016979545644, ""ret_rel_24h"": -0.2339969221251723, ""ret_rel_4h"": 0.01489717051632622, ""trading_hours_to_close"": 0.5, ""volatility"": 0.023185603853035364, ""volume_z"": 7.081070062299105}",6,7702cc25572ed21231c1930e82b28dc4864d290da623eb6e94a5fd63441d8c65,c6fbfa060f6828ea104898e480673fccf04d9c5aade534cf1732f886c50e664a
dd333b710bf0f380df39f9f5,1787254200,1788525991,AGCO,volume_zscore,3.2225742177563026,2.648,"{""days_since_last_8k"": 17.310902777777777, ""days_since_last_earnings"": 21.281898148148148, ""ret_120h"": -0.16124095392638715, ""ret_1h"": 0.002600622653246454, ""ret_24h"": 0.0391334555316043, ""ret_4h"": 0.001443081517810585, ""ret_rel_120h"": -0.18947339574487432, ""ret_rel_1h"": 0.003713899312808966, ""ret_rel_24h"": 0.05327549927591124, ""ret_rel_4h"": 0.005497930702002551, ""trading_hours_to_close"": 0.5, ""volatility"": 0.011755068284292082, ""volume_z"": 3.2225742177563026}",7,c6fbfa060f6828ea104898e480673fccf04d9c5aade534cf1732f886c50e664a,c13d8521b8b4d73c331a5bc17c6e6cb7b004081fdf4a9cbca5b0a173f6e2769e
bfa95ffa0e41b25140a7fecf,1787254200,1788525991,AGO,volume_zscore,3.1286577873018575,2.648,"{""days_since_last_8k"": 13.260960648148147, ""days_since_last_earnings"": 13.965590277777778, ""ret_120h"": -0.12762704415732762, ""ret_1h"": 0.0017527960903596096, ""ret_24h"": -0.02646746136194489, ""ret_4h"": -0.00807684049660884, ""ret_rel_120h"": -0.15585948597581478, ""ret_rel_1h"": 0.0028660727499221217, ""ret_rel_24h"": -0.012325417617637946, ""ret_rel_4h"": -0.004021991312416873, ""trading_hours_to_close"": 0.5, ""volatility"": 0.008527579960158784, ""volume_z"": 3.1286577873018575}",8,c13d8521b8b4d73c331a5bc17c6e6cb7b004081fdf4a9cbca5b0a173f6e2769e,3ac10c4207af61819c1b5de29b812abc22b9a5a90439fc22e2d32922433198d3
fdbb501d4414259c3fe5dbbb,1787340600,1788525991,AGO,volume_zscore,3.47791908609657,2.648,"{""days_since_last_8k"": 14.260960648148147, ""days_since_last_earnings"": 14.965590277777778, ""ret_120h"": -0.11906731936263448, ""ret_1h"": 0.0017496264882710388, ""ret_24h"": -0.021301810408600463, ""ret_4h"": 0.001614893695661923, ""ret_rel_120h"": -0.16055544965863688, ""ret_rel_1h"": 0.0022717378194891946, ""ret_rel_24h"": -0.01785268451896116, ""ret_rel_4h"": 0.0027433650469657067, ""trading_hours_to_close"": 0.5, ""volatility"": 0.008510006633191684, ""volume_z"": 3.47791908609657}",9,3ac10c4207af61819c1b5de29b812abc22b9a5a90439fc22e2d32922433198d3,b847df29a4fb46c056aca07206f591978cad3126c84ba2c42b81286a980e6a57
c53165856232532ae41ea202,1787578200,1788525991,A,volume_zscore,3.1556737298422033,2.648,"{""days_since_last_8k"": 59.713125, ""days_since_last_earnings"": 88.7249537037037, ""ret_120h"": 0.11428268791333362, ""ret_1h"": -0.016264969321124534, ""ret_24h"": 0.04978855106146596, ""ret_4h"": -0.016821802162541366, ""ret_rel_120h"": 0.06852782061590168, ""ret_rel_1h"": -0.012699317369378682, ""ret_rel_24h"": 0.05686856895036885, ""ret_rel_4h"": -0.013061022678706902, ""trading_hours_to_close"": 6.5, ""volatility"": 0.006866806600559399, ""volume_z"": 3.1556737298422033}",10,b847df29a4fb46c056aca07206f591978cad3126c84ba2c42b81286a980e6a57,4d8841e8bd61fd4f20661a7e34f0d5f251b4ab8dcc7f57a6eba77bed763bef92
0a2713c99f251fbbdad70156,1787578200,1788525991,AAOI,volume_zscore,3.8067467173317175,2.648,"{""days_since_last_8k"": 2.719224537037037, ""days_since_last_earnings"": 17.720127314814814, ""ret_120h"": 0.39960730588409055, ""ret_1h"": -0.14298306337962075, ""ret_24h"": -0.19680014734994744, ""ret_4h"": -0.14660815881220624, ""ret_rel_120h"": 0.3538524385866586, ""ret_rel_1h"": -0.1394174114278749, ""ret_rel_24h"": -0.18972012946104455, ""ret_rel_4h"": -0.14284737932837177, ""trading_hours_to_close"": 6.5, ""volatility"": 0.0388694183472436, ""volume_z"": 3.8067467173317175}",11,4d8841e8bd61fd4f20661a7e34f0d5f251b4ab8dcc7f57a6eba77bed763bef92,f5e818ed2d62bd7fcf22859a3a6828ad5a685b5c1ec00b2e92b29f2c2a573c94
5a5ed30fe105de524313e24f,1787578200,1788525991,ABNB,volume_zscore,3.7718977868954817,2.648,"{""days_since_last_8k"": 17.72716435185185, ""days_since_last_earnings"": 17.72716435185185, ""ret_120h"": 0.2621537646108345, ""ret_1h"": 0.03112155967580965, ""ret_24h"": 0.048386706728459794, ""ret_4h"": 0.03294119605406087, ""ret_rel_120h"": 0.21639889731340256, ""ret_rel_1h"": 0.0346872116275555, ""ret_rel_24h"": 0.055466724617362684, ""ret_rel_4h"": 0.03670197553789534, ""trading_hours_to_close"": 6.5, ""volatility"": 0.016289453339223003, ""volume_z"": 3.7718977868954817}",12,f5e818ed2d62bd7fcf22859a3a6828ad5a685b5c1ec00b2e92b29f2c2a573c94,dce23eda625aed423b8b9ff4db06f3d41e0fcd6bc0966616e6326ba37dcdda37
235d132dcc7b6eac7294776d,1787578200,1788525991,ACN,volume_zscore,2.777888377349141,2.648,"{""days_since_last_8k"": 44.76164351851852, ""days_since_last_earnings"": 67.11702546296296, ""ret_120h"": 0.07905984148695122, ""ret_1h"": 0.008582595508071389, ""ret_24h"": 0.06297648993682081, ""ret_4h"": 0.009617975408508839, ""ret_rel_120h"": 0.033304974189519276, ""ret_rel_1h"": 0.01214824745981724, ""ret_rel_24h"": 0.0700565078257237, ""ret_rel_4h"": 0.013378754892343303, ""trading_hours_to_close"": 6.5, ""volatility"": 0.012364830737749634, ""volume_z"": 2.777888377349141}",13,dce23eda625aed423b8b9ff4db06f3d41e0fcd6bc0966616e6326ba37dcdda37,206d24b4fa30a73492f7486721798fcce3215d2ef6100fe4daca296473b1f1c8
10362475467da0c29b91f709,1787578200,1788525991,AES,volume_zscore,6.916501374234102,2.648,"{""days_since_last_8k"": 18.722361111111113, ""days_since_last_earnings"": 292.67534722222223, ""ret_120h"": -0.005057303415440195, ""ret_1h"": -0.000677292830972287, ""ret_24h"": 0.0006782115265819844, ""ret_4h"": -0.000677292830972287, ""ret_rel_120h"": -0.05081217071287214, ""ret_rel_1h"": 0.002888359120773565, ""ret_rel_24h"": 0.007758229415484874, ""ret_rel_4h"": 0.0030834866528621774, ""trading_hours_to_close"": 6.5, ""volatility"": 0.0013004505463760768, ""volume_z"": 6.916501374234102}",14,206d24b4fa30a73492f7486721798fcce3215d2ef6100fe4daca296473b1f1c8,31bd64ae760b3df6746f03fe17ea68799d6037edcca483a65c5d50eec7d211c1
9ed29ddc00be85cc2e4bd3f7,1787581800,1788525991,AGO,volume_zscore,3.035448176602564,2.648,"{""days_since_last_8k"": 17.052627314814814, ""days_since_last_earnings"": 17.757256944444446, ""ret_120h"": -0.09925634224856927, ""ret_1h"": -0.006482739560821016, ""ret_24h"": -0.012297745279569172, ""ret_4h"": 0.007851282615763067, ""ret_rel_120h"": -0.1333221808715268, ""ret_rel_1h"": -0.007557726994500302, ""ret_rel_24h"": -0.006725094674478571, ""ret_rel_4h"": 0.009869956566064153, ""trading_hours_to_close"": 5.5, ""volatility"": 0.00861160521703479, ""volume_z"": 3.035448176602564}",15,31bd64ae760b3df6746f03fe17ea68799d6037edcca483a65c5d50eec7d211c1,22fe602556297243c28bf7d43abc000d9e325fa2c08282358734573ea55a35a3
f07b4d3291b42fafa59d3b8d,1787599800,1788525991,AAON,volume_zscore,3.015118454938927,2.648,"{""days_since_last_8k"": 11.20704861111111, ""days_since_last_earnings"": 14.345659722222223, ""ret_120h"": -0.13891401094265743, ""ret_1h"": -0.005097364772700175, ""ret_24h"": -0.07593319882753224, ""ret_4h"": 0.01156149829344888, ""ret_rel_120h"": -0.16816790066040044, ""ret_rel_1h"": -0.004469005316577457, ""ret_rel_24h"": -0.06801965386410047, ""ret_rel_4h"": 0.01340494526318814, ""trading_hours_to_close"": 0.5, ""volatility"": 0.015218566108533848, ""volume_z"": 3.015118454938927}",16,22fe602556297243c28bf7d43abc000d9e325fa2c08282358734573ea55a35a3,d9db85c0fa8c16095dd6da166d1aabf045f1426325caa900e961e4fb61a81b20
28af35a2428fec900265ac8b,1787599800,1788525991,AGCO,volume_zscore,3.700092684415472,2.648,"{""days_since_last_8k"": 21.310902777777777, ""days_since_last_earnings"": 25.281898148148148, ""ret_120h"": 0.02666418565533024, ""ret_1h"": 0.004836266323591021, ""ret_24h"": 0.11649605407208785, ""ret_4h"": 0.01624124523207282, ""ret_rel_120h"": -0.0025897040624127676, ""ret_rel_1h"": 0.005464625779713739, ""ret_rel_24h"": 0.12440959903551962, ""ret_rel_4h"": 0.01808469220181208, ""trading_hours_to_close"": 0.5, ""volatility"": 0.008878617534765655, ""volume_z"": 3.700092684415472}",17,d9db85c0fa8c16095dd6da166d1aabf045f1426325caa900e961e4fb61a81b20,429a7f8dc37c41d68a68ad0255fc8ffecfaaba01912b4036f6a16f4c47cb4244
413d99fe7fdcb46a487acae0,1787664600,1788525991,ADP,volume_zscore,2.871632922501735,2.648,"{""days_since_last_8k"": 27.10590277777778, ""days_since_last_earnings"": 27.10590277777778, ""ret_120h"": 0.07065674700702318, ""ret_1h"": -0.0023142380034691934, ""ret_24h"": 0.014168758495829659, ""ret_4h"": -0.0035112931302977435, ""ret_rel_120h"": 0.03968856135573673, ""ret_rel_1h"": -0.003912225861031904, ""ret_rel_24h"": 0.02050988583079627, ""ret_rel_4h"": -0.0052141851284562835, ""trading_hours_to_close"": 6.5, ""volatility"": 0.0062000429516735536, ""volume_z"": 2.871632922501735}",18,429a7f8dc37c41d68a68ad0255fc8ffecfaaba01912b4036f6a16f4c47cb4244,a994c63e387f1a07c492c89585ec5f3f9e41bdfec63f999a294ddbc9afe39c8d
b5882f02ae783fa97227f77a,1787686200,1788525991,AGCO,volume_zscore,3.827746679787516,2.648,"{""days_since_last_8k"": 22.310902777777777, ""days_since_last_earnings"": 26.281898148148148, ""ret_120h"": 0.08457177971368735, ""ret_1h"": -0.0023383589398470184, ""ret_24h"": 0.07075291446925736, ""ret_4h"": 0.008087962397707038, ""ret_rel_120h"": 0.06002960259031309, ""ret_rel_1h"": -0.0032336050180502562, ""ret_rel_24h"": 0.06937344241799148, ""ret_rel_4h"": 0.007990004543974027, ""trading_hours_to_close"": 0.5, ""volatility"": 0.008296084351443276, ""volume_z"": 3.827746679787516}",19,a994c63e387f1a07c492c89585ec5f3f9e41bdfec63f999a294ddbc9afe39c8d,750d24d05a50d8f1c18aebe90dfa809cd5a7221bb0b7108645b34db35872bc8c
bec620dfe3c15ddd80ef72be,1787751000,1788525991,AES,volume_zscore,4.744782735050949,2.648,"{""days_since_last_8k"": 20.722361111111113, ""days_since_last_earnings"": 294.67534722222223, ""ret_120h"": 0.003405942508251769, ""ret_1h"": 0.0006792985751444824, ""ret_24h"": -0.0016943796686332835, ""ret_4h"": 0.000339501571279488, ""ret_rel_120h"": -0.02105813750001917, ""ret_rel_1h"": 0.0016651569665089294, ""ret_rel_24h"": -0.0036850805121950714, ""ret_rel_4h"": -4.6046310120395617e-07, ""trading_hours_to_close"": 6.5, ""volatility"": 0.000740721642779052, ""volume_z"": 4.744782735050949}",20,750d24d05a50d8f1c18aebe90dfa809cd5a7221bb0b7108645b34db35872bc8c,1b2df90ec710dad6bd6e793c71a6e19bf212bf78c1afa2271f733df10f157293
e426ac8fd02939175ce7531f,1787772600,1788525991,A,volume_zscore,3.1470869864286435,2.648,"{""days_since_last_8k"": 61.963125, ""days_since_last_earnings"": 90.9749537037037, ""ret_120h"": 0.11049105169223705, ""ret_1h"": 0.010085913102741095, ""ret_24h"": -0.02383353315994241, ""ret_4h"": 0.009429034723320573, ""ret_rel_120h"": 0.10037687778800497, ""ret_rel_1h"": 0.01123341126545474, ""ret_rel_24h"": -0.024107784891470363, ""ret_rel_4h"": 0.00784689299741892, ""trading_hours_to_close"": 0.5, ""volatility"": 0.006877531490846556, ""volume_z"": 3.1470869864286435}",21,1b2df90ec710dad6bd6e793c71a6e19bf212bf78c1afa2271f733df10f157293,1aedc2aec79031ebaf767ea74887f81d34886e80731eca24f845b37335018c1d
f2c00fb659efd5609110aa94,1787772600,1788525991,ADNT,volume_zscore,2.9725757751515043,2.648,"{""days_since_last_8k"": 4.968622685185185, ""days_since_last_earnings"": 21.35832175925926, ""ret_120h"": -0.09291181535841397, ""ret_1h"": 0.004241777365698862, ""ret_24h"": -0.06376663555950368, ""ret_4h"": 0.019375705695899414, ""ret_rel_120h"": -0.10302598926264606, ""ret_rel_1h"": 0.005389275528412507, ""ret_rel_24h"": -0.06404088729103163, ""ret_rel_4h"": 0.01779356396999776, ""trading_hours_to_close"": 0.5, ""volatility"": 0.01260079294711741, ""volume_z"": 2.9725757751515043}",22,1aedc2aec79031ebaf767ea74887f81d34886e80731eca24f845b37335018c1d,9c36ba6c94be611e9bf834445fe4051f03124215b02f75613ac568d361799e1c
fb185457b7cff2082310a6ab,1787772600,1788525991,AGO,volume_zscore,2.743902062815733,2.648,"{""days_since_last_8k"": 19.26096064814815, ""days_since_last_earnings"": 19.96559027777778, ""ret_120h"": -0.09609430069352265, ""ret_1h"": -0.006543645805999865, ""ret_24h"": 0.021050540261077222, ""ret_4h"": -0.002496646725641205, ""ret_rel_120h"": -0.10620847459775473, ""ret_rel_1h"": -0.00539614764328622, ""ret_rel_24h"": 0.02077628852954927, ""ret_rel_4h"": -0.0040787884515428585, ""trading_hours_to_close"": 0.5, ""volatility"": 0.008534114875874287, ""volume_z"": 2.743902062815733}",23,9c36ba6c94be611e9bf834445fe4051f03124215b02f75613ac568d361799e1c,7629485490a35b30860640687181a8ac5cdc20054128c3bd86b258889b7e93d0
06f41e13f1f4c58e0cc46db8,1787837400,1788525991,A,volume_zscore,2.7374026303831704,2.648,"{""days_since_last_8k"": 0.7247106481481481, ""days_since_last_earnings"": 0.7247106481481481, ""ret_120h"": 0.13098974555299403, ""ret_1h"": 0.018714158727387575, ""ret_24h"": -0.009334411860072445, ""ret_4h"": 0.034711722909259946, ""ret_rel_120h"": 0.11514510982293369, ""ret_rel_1h"": 0.013929654633942246, ""ret_rel_24h"": -0.015070856194526083, ""ret_rel_4h"": 0.029454799706016388, ""trading_hours_to_close"": 6.5, ""volatility"": 0.00706687538068238, ""volume_z"": 2.7374026303831704}",24,7629485490a35b30860640687181a8ac5cdc20054128c3bd86b258889b7e93d0,0df2fd6a13b2fbb3e5ffc1e9d235da73ac0b57533a00cc770b731f08081d8868
9e4c39934297782f7caf358a,1787837400,1788525991,ADT,volume_zscore,3.2839465089259234,2.648,"{""days_since_last_8k"": 28.1059375, ""days_since_last_earnings"": 28.1059375, ""ret_120h"": -0.04248573600795935, ""ret_1h"": 0.013422870339588666, ""ret_24h"": 0.020960136606914537, ""ret_4h"": 0.018893434035851975, ""ret_rel_120h"": -0.05833037173801969, ""ret_rel_1h"": 0.008638366246143336, ""ret_rel_24h"": 0.015223692272460898, ""ret_rel_4h"": 0.013636510832608417, ""trading_hours_to_close"": 6.5, ""volatility"": 0.005789036449450826, ""volume_z"": 3.2839465089259234}",25,0df2fd6a13b2fbb3e5ffc1e9d235da73ac0b57533a00cc770b731f08081d8868,682560f97821ace980718229f745501c030a082c31a6fc00a5f0619db37c90d2
203a69e8c29e8459b99e382c,1787859000,1788525991,ACGL,volume_zscore,4.646711148197068,2.648,"{""days_since_last_8k"": 29.97599537037037, ""days_since_last_earnings"": 29.97599537037037, ""ret_120h"": -0.0135323655718248, ""ret_1h"": -0.001364898708240414, ""ret_24h"": -0.021545274770819578, ""ret_4h"": 0.0005064882505003698, ""ret_rel_120h"": -0.011874983547876194, ""ret_rel_1h"": -0.002793549749165125, ""ret_rel_24h"": -0.03155307326302581, ""ret_rel_4h"": 0.00033785003418285164, ""trading_hours_to_close"": 0.5, ""volatility"": 0.004745995562935287, ""volume_z"": 4.646711148197068}",26,682560f97821ace980718229f745501c030a082c31a6fc00a5f0619db37c90d2,571d595ad6fe7b808a6fab70e92168f761092fa85a3ae31f1943af4495f171ce
be0a9171b9740923bb1bbde6,1787859000,1788525991,ADSK,volume_zscore,2.860064750941412,2.648,"{""days_since_last_8k"": 24.285891203703702, ""days_since_last_earnings"": 90.96887731481482, ""ret_120h"": 0.1413421544400768, ""ret_1h"": 0.002983719623108838, ""ret_24h"": 0.06791904477414934, ""ret_4h"": 0.0014062796280653878, ""ret_rel_120h"": 0.1429995364640254, ""ret_rel_1h"": 0.001555068582184127, ""ret_rel_24h"": 0.05791124628194311, ""ret_rel_4h"": 0.0012376414117478696, ""trading_hours_to_close"": 0.5, ""volatility"": 0.010450277242416053, ""volume_z"": 2.860064750941412}",27,571d595ad6fe7b808a6fab70e92168f761092fa85a3ae31f1943af4495f171ce,dd64d505b8d230d70f5d38217030bdfea8c1fb14223b32d18f62259a022931b2
81087c64d406f3f316fdf192,1787859000,1788525991,AFRM,volume_zscore,5.742203286489799,2.648,"{""days_since_last_8k"": 62.97549768518518, ""days_since_last_earnings"": 111.97143518518519, ""ret_120h"": -0.014614328252629205, ""ret_1h"": 0.01771884014781744, ""ret_24h"": 0.006033136369728576, ""ret_4h"": 0.0072745847515387485, ""ret_rel_120h"": -0.0129569462286806, ""ret_rel_1h"": 0.016290189106892727, ""ret_rel_24h"": -0.003974662122477657, ""ret_rel_4h"": 0.00710594653522123, ""trading_hours_to_close"": 0.5, ""volatility"": 0.010248343114128419, ""volume_z"": 5.742203286489799}",28,dd64d505b8d230d70f5d38217030bdfea8c1fb14223b32d18f62259a022931b2,027150736f558bf3c98c9ebad0e4ae9ef8dae9c27865352ae816a05f417075a1
f1c7b33e52ecdcb6f932ac38,1787923800,1788525991,ACGL,volume_zscore,8.534765081005668,2.648,"{""days_since_last_8k"": 30.72599537037037, ""days_since_last_earnings"": 30.72599537037037, ""ret_120h"": -0.005275866893864278, ""ret_1h"": 0.002126034737824245, ""ret_24h"": -0.020822987474479415, ""ret_4h"": 0.002176814565076235, ""ret_rel_120h"": -0.00530174400118677, ""ret_rel_1h"": 0.0017888151732949886, ""ret_rel_24h"": -0.02932194158502721, ""ret_rel_4h"": 0.0027599207614238397, ""trading_hours_to_close"": 6.5, ""volatility"": 0.004716963477422845, ""volume_z"": 8.534765081005668}",29,027150736f558bf3c98c9ebad0e4ae9ef8dae9c27865352ae816a05f417075a1,53cf91c098052d575fba1572436b6f49f6f13c9f580944a2bbde532b36887c58
06ef27076cfc91c553fdae2c,1787923800,1788525991,ADSK,volume_zscore,3.1896658143867627,2.648,"{""days_since_last_8k"": 0.725625, ""days_since_last_earnings"": 0.725625, ""ret_120h"": 0.09328358497018874, ""ret_1h"": -0.04174062517727206, ""ret_24h"": 0.018760043685949856, ""ret_4h"": -0.03925528514375087, ""ret_rel_120h"": 0.09325770786286625, ""ret_rel_1h"": -0.04207784474180132, ""ret_rel_24h"": 0.01026108957540206, ""ret_rel_4h"": -0.03867217894740327, ""trading_hours_to_close"": 6.5, ""volatility"": 0.011159837294702872, ""volume_z"": 3.1896658143867627}",30,53cf91c098052d575fba1572436b6f49f6f13c9f580944a2bbde532b36887c58,e80c5b046fc35d00e2701b805257dc0d00bbcbb8eaa32fc8d8f85d18b14b4fe9
484dc1e4c0a219f8569849b5,1787923800,1788525991,AFRM,volume_zscore,30.18047709484695,2.648,"{""days_since_last_8k"": 0.7075, ""days_since_last_earnings"": 0.7075, ""ret_120h"": 0.07991800355321854, ""ret_1h"": 0.08743872451952961, ""ret_24h"": 0.09534797842127052, ""ret_4h"": 0.09920480642910023, ""ret_rel_120h"": 0.07989212644589605, ""ret_rel_1h"": 0.08710150495500035, ""ret_rel_24h"": 0.08684902431072272, ""ret_rel_4h"": 0.09978791262544784, ""trading_hours_to_close"": 6.5, ""volatility"": 0.01297112495514007, ""volume_z"": 30.18047709484695}",31,e80c5b046fc35d00e2701b805257dc0d00bbcbb8eaa32fc8d8f85d18b14b4fe9,e213e6d24d1346656b24fe4d49785f8d3cae806863c0b899a88e560e544f0a9b
e3f6d3128b58e0ee58c7fc35,1787923800,1788525991,AGQ,volume_zscore,6.351686622410846,2.648,"{""days_since_last_8k"": 107.75203703703704, ""days_since_last_earnings"": null, ""ret_120h"": 0.31355387007373237, ""ret_1h"": -0.020309503907400717, ""ret_24h"": 0.003952935960486625, ""ret_4h"": -0.020093153598116698, ""ret_rel_120h"": 0.3135279929664099, ""ret_rel_1h"": -0.020646723471929973, ""ret_rel_24h"": -0.004546018150061171, ""ret_rel_4h"": -0.019510047401769093, ""trading_hours_to_close"": 6.5, ""volatility"": 0.017774931275066325, ""volume_z"": 6.351686622410846}",32,e213e6d24d1346656b24fe4d49785f8d3cae806863c0b899a88e560e544f0a9b,b627136c6e975f98b43d7e6f38fa327768feff645490f06ac072406046436b63
523517993de15ba3b8124104,1787927400,1788525991,ACGL,volume_zscore,3.3525081170335107,2.648,"{""days_since_last_8k"": 30.767662037037038, ""days_since_last_earnings"": 30.767662037037038, ""ret_120h"": -0.004729809879363112, ""ret_1h"": -0.0008587067126185621, ""ret_24h"": -0.021857373861457585, ""ret_4h"": 0.0003540551546625803, ""ret_rel_120h"": -0.004948101813905481, ""ret_rel_1h"": -0.00559100863382922, ""ret_rel_24h"": -0.036242930589933, ""ret_rel_4h"": -0.006780805757669706, ""trading_hours_to_close"": 5.5, ""volatility"": 0.004715887142373093, ""volume_z"": 3.3525081170335107}",33,b627136c6e975f98b43d7e6f38fa327768feff645490f06ac072406046436b63,cf87f45e0498bf2cd5f94d8fce068daab42c1018dae0ef72fe23ae308ca60750
c7f53730e6ca4dd87b480e0d,1787927400,1788525991,ACM,volume_zscore,4.6270904849597505,2.648,"{""days_since_last_8k"": 17.745868055555555, ""days_since_last_earnings"": 17.745868055555555, ""ret_120h"": -0.09947815324202658, ""ret_1h"": 0.026117726966446764, ""ret_24h"": 0.04998464014335546, ""ret_4h"": 0.034368691142899976, ""ret_rel_120h"": -0.09969644517656895, ""ret_rel_1h"": 0.021385425045236106, ""ret_rel_24h"": 0.03559908341488005, ""ret_rel_4h"": 0.02723383023056769, ""trading_hours_to_close"": 5.5, ""volatility"": 0.011909274908018692, ""volume_z"": 4.6270904849597505}",34,cf87f45e0498bf2cd5f94d8fce068daab42c1018dae0ef72fe23ae308ca60750,16853dc3de3c4467a5fbb3770307dd2c985ee099a631f00372902c384231989d
250e7e9f55d5632b4e458c9c,1787927400,1788525991,AFRM,volume_zscore,6.296367887396265,2.648,"{""days_since_last_8k"": 0.7491666666666666, ""days_since_last_earnings"": 0.7491666666666666, ""ret_120h"": 0.0512451471057207, ""ret_1h"": -0.006166943132689839, ""ret_24h"": 0.09306726734526638, ""ret_4h"": 0.08916038981901253, ""ret_rel_120h"": 0.05102685517117833, ""ret_rel_1h"": -0.010899245053900497, ""ret_rel_24h"": 0.07868171061679097, ""ret_rel_4h"": 0.08202552890668025, ""trading_hours_to_close"": 5.5, ""volatility"": 0.012851564915799642, ""volume_z"": 6.296367887396265}",35,16853dc3de3c4467a5fbb3770307dd2c985ee099a631f00372902c384231989d,32547e202e6da2056ae63224230a7dfb35e4228b0cdd370c09d1850af3437613
eefd6072fac8a3cffd826ea7,1787931000,1788525991,ACM,volume_zscore,5.61659392756611,2.648,"{""days_since_last_8k"": 17.787534722222222, ""days_since_last_earnings"": 17.787534722222222, ""ret_120h"": -0.0731333414713542, ""ret_1h"": 0.019804862553938207, ""ret_24h"": 0.06970837480572833, ""ret_4h"": 0.05838914535100037, ""ret_rel_120h"": -0.07039909372720154, ""ret_rel_1h"": 0.026708580905857482, ""ret_rel_24h"": 0.06169245392535361, ""ret_rel_4h"": 0.05883077308094109, ""trading_hours_to_close"": 4.5, ""volatility"": 0.012031205211824315, ""volume_z"": 5.61659392756611}",36,32547e202e6da2056ae63224230a7dfb35e4228b0cdd370c09d1850af3437613,d6cd0ef76f7b73f3f955fc7e456999f7766d88b79b70d8c98bbe4b4607a2618d
17d4856dffe7067326de6a43,1787931000,1788525991,AGQ,volume_zscore,3.1477936029874676,2.648,"{""days_since_last_8k"": 107.83537037037037, ""days_since_last_earnings"": null, ""ret_120h"": 0.12989204046153202, ""ret_1h"": -0.06904986104465916, ""ret_24h"": -0.0588466801284544, ""ret_4h"": -0.06941205581694476, ""ret_rel_120h"": 0.13262628820568467, ""ret_rel_1h"": -0.06214614269273988, ""ret_rel_24h"": -0.06686260100882913, ""ret_rel_4h"": -0.06897042808700404, ""trading_hours_to_close"": 4.5, ""volatility"": 0.016798113297091733, ""volume_z"": 3.1477936029874676}",37,d6cd0ef76f7b73f3f955fc7e456999f7766d88b79b70d8c98bbe4b4607a2618d,2ac8ed13009239d60ea1818e92b837fe3dc6c9c43f739eef96eb6d098c0643ab
bcaffd3d7c9d27e8ee00b99f,1787938200,1788525991,ACM,volume_zscore,4.137659040352437,2.648,"{""days_since_last_8k"": 17.870868055555555, ""days_since_last_earnings"": 17.870868055555555, ""ret_120h"": -0.06695232966748488, ""ret_1h"": -0.0024337605248236915, ""ret_24h"": 0.09199183208828088, ""ret_4h"": 0.04892367883591264, ""ret_rel_120h"": -0.0639963968525239, ""ret_rel_1h"": -0.0027459145167707533, ""ret_rel_24h"": 0.0870918568991903, ""ret_rel_4h"": 0.051827853955614955, ""trading_hours_to_close"": 2.5, ""volatility"": 0.012040223541372085, ""volume_z"": 4.137659040352437}",38,2ac8ed13009239d60ea1818e92b837fe3dc6c9c43f739eef96eb6d098c0643ab,18e694c9aae382e4bc4cb196b400c722e8526f07b84d1ba191168bfb6c45883b
27d36501e77ecd09dbcd961d,1787941800,1788525991,ACM,volume_zscore,3.3904873029754405,2.648,"{""days_since_last_8k"": 17.912534722222222, ""days_since_last_earnings"": 17.912534722222222, ""ret_120h"": -0.07299534215011105, ""ret_1h"": -0.0028846731836965622, ""ret_24h"": 0.09338261513728585, ""ret_4h"": 0.01927668662333737, ""ret_rel_120h"": -0.06985392211060115, ""ret_rel_1h"": -0.0034763267494627437, ""ret_rel_24h"": 0.0884789836666875, ""ret_rel_4h"": 0.026290039062825787, ""trading_hours_to_close"": 1.5, ""volatility"": 0.012036155832338339, ""volume_z"": 3.3904873029754405}",39,18e694c9aae382e4bc4cb196b400c722e8526f07b84d1ba191168bfb6c45883b,a26113e48416840f6ae73927ddf56f3deb35caac9c98ae7a0d18b1d686ac60ca
ce7c469d74501befe486419f,1787941800,1788525991,AFRM,volume_zscore,3.278568173774003,2.648,"{""days_since_last_8k"": 0.9158333333333334, ""days_since_last_earnings"": 0.9158333333333334, ""ret_120h"": 0.0011384261328677425, ""ret_1h"": -0.013584201980428867, ""ret_24h"": 0.01748297460271786, ""ret_4h"": -0.05548927633101519, ""ret_rel_120h"": 0.004279846172377644, ""ret_rel_1h"": -0.014175855546195049, ""ret_rel_24h"": 0.012579343132119503, ""ret_rel_4h"": -0.04847592389152677, ""trading_hours_to_close"": 1.5, ""volatility"": 0.013325171891749638, ""volume_z"": 3.278568173774003}",40,a26113e48416840f6ae73927ddf56f3deb35caac9c98ae7a0d18b1d686ac60ca,563609b7f16411e12d4438ef853a577e9b3bede2d24504e070231265fd69bb12
313a0bb43b4e6fb42b091592,1787945400,1788525991,ACM,volume_zscore,4.5698964823502095,2.648,"{""days_since_last_8k"": 17.95420138888889, ""days_since_last_earnings"": 17.95420138888889, ""ret_120h"": -0.07607025789524902, ""ret_1h"": -0.004447359986014754, ""ret_24h"": 0.1061890215780219, ""ret_4h"": -0.004962975238902212, ""ret_rel_120h"": -0.07293483148342539, ""ret_rel_1h"": -0.004271912122029042, ""ret_rel_24h"": 0.1002268376459523, ""ret_rel_4h"": -0.004677150511637196, ""trading_hours_to_close"": 0.5, ""volatility"": 0.01204128716611298, ""volume_z"": 4.5698964823502095}",41,563609b7f16411e12d4438ef853a577e9b3bede2d24504e070231265fd69bb12,5097f7b7848babae7484456ffc7887d64dcc411a1844539e069d23493e4b5ff9
9826228bec407a4f3caec039,1787945400,1788525991,AFL,volume_zscore,4.026107505708802,2.648,"{""days_since_last_8k"": 21.96909722222222, ""days_since_last_earnings"": 21.96909722222222, ""ret_120h"": -0.068167232231795, ""ret_1h"": -0.0012426863445934577, ""ret_24h"": 0.0001287935073406299, ""ret_4h"": 0.0021068255624143717, ""ret_rel_120h"": -0.06503180581997137, ""ret_rel_1h"": -0.0010672384806077462, ""ret_rel_24h"": -0.005833390424728968, ""ret_rel_4h"": 0.0023926502896793878, ""trading_hours_to_close"": 0.5, ""volatility"": 0.004714914911233803, ""volume_z"": 4.026107505708802}",42,5097f7b7848babae7484456ffc7887d64dcc411a1844539e069d23493e4b5ff9,edfc446010c329b119ede01c870eb011afd38a26899290d5a027cadd6f0875f9
fa7d64e77629425d340b2255,1787945400,1788525991,AFRM,volume_zscore,4.685308382507423,2.648,"{""days_since_last_8k"": 0.9575, ""days_since_last_earnings"": 0.9575, ""ret_120h"": -0.012322169787365556, ""ret_1h"": -0.01768795323928274, ""ret_24h"": 0.0049114287182154825, ""ret_4h"": -0.04000491356005986, ""ret_rel_120h"": -0.009186743375541928, ""ret_rel_1h"": -0.017512505375297027, ""ret_rel_24h"": -0.0010507552138541154, ""ret_rel_4h"": -0.03971908883279485, ""trading_hours_to_close"": 0.5, ""volatility"": 0.013418008008065214, ""volume_z"": 4.685308382507423}",43,edfc446010c329b119ede01c870eb011afd38a26899290d5a027cadd6f0875f9,6b24c105ac620a524fd395e7c3b3c885c5f7c2cc91c07a40392995b0b361f5b3
336f96a1af3c259e94394c40,1787945400,1788525991,AIT,volume_zscore,4.0946136019433865,2.648,"{""days_since_last_8k"": 13.964756944444444, ""days_since_last_earnings"": 15.23875, ""ret_120h"": -0.09691700604073583, ""ret_1h"": 0.008497508008947774, ""ret_24h"": -0.0425790732195207, ""ret_4h"": 0.007142087235051164, ""ret_rel_120h"": -0.0937815796289122, ""ret_rel_1h"": 0.008672955872933485, ""ret_rel_24h"": -0.0485412571515903, ""ret_rel_4h"": 0.0074279119623161804, ""trading_hours_to_close"": 0.5, ""volatility"": 0.006026065011815241, ""volume_z"": 4.0946136019433865}",44,6b24c105ac620a524fd395e7c3b3c885c5f7c2cc91c07a40392995b0b361f5b3,836b65b2940eaaffe53e2dbfa611c225bf68c0dc5bf7df35a60a83018024cabf
